year,region,scope,education_level,symbol,unit,value
2019,Abrantes,Município,Total,, euros,1109.4
2019,Águeda,Município,Total,, euros,1071.4
2019,Aguiar da Beira,Município,Total,, euros,818.6
2019,Alandroal,Município,Total,, euros,904.2
2019,Albergaria-a-Velha,Município,Total,, euros,1126.7
2019,Albufeira,Município,Total,, euros,1004.5
2019,Alcácer do Sal,Município,Total,, euros,989.7
2019,Alcanena,Município,Total,, euros,1096.0
2019,Alcobaça,Município,Total,, euros,1007.1
2019,Alcochete,Município,Total,, euros,2011.5
2019,Alcoutim,Município,Total,, euros,847.7
2019,Alenquer,Município,Total,, euros,1182.2
2019,Alfândega da Fé,Município,Total,, euros,866.8
2019,Alijó,Município,Total,, euros,921.8
2019,Aljezur,Município,Total,, euros,856.0
2019,Aljustrel,Município,Total,, euros,1184.3
2019,Almada,Município,Total,, euros,1160.8
2019,Almeida,Município,Total,, euros,835.4
2019,Almeirim,Município,Total,, euros,956.6
2019,Almodôvar,Município,Total,, euros,904.7
2019,Alpiarça,Município,Total,, euros,946.2
2019,Alter do Chão,Município,Total,, euros,882.1
2019,Alvaiázere,Município,Total,, euros,887.9
2019,Alvito,Município,Total,, euros,1003.3
2019,Amadora,Município,Total,, euros,1425.5
2019,Amarante,Município,Total,, euros,904.9
2019,Amares,Município,Total,, euros,932.6
2019,Anadia,Município,Total,, euros,1017.4
2019,Angra do Heroísmo,Município,Total,, euros,1052.8
2019,Ansião,Município,Total,, euros,939.7
2019,Arcos de Valdevez,Município,Total,, euros,891.9
2019,Arganil,Município,Total,, euros,861.1
2019,Armamar,Município,Total,, euros,876.6
2019,Arouca,Município,Total,, euros,933.6
2019,Arraiolos,Município,Total,, euros,972.0
2019,Arronches,Município,Total,, euros,898.8
2019,Arruda dos Vinhos,Município,Total,, euros,1096.2
2019,Aveiro,Município,Total,, euros,1243.3
2019,Avis,Município,Total,, euros,955.1
2019,Azambuja,Município,Total,, euros,1040.9
2019,Baião,Município,Total,, euros,866.5
2019,Barcelos,Município,Total,, euros,948.9
2019,Barrancos,Município,Total,, euros,825.4
2019,Barreiro,Município,Total,, euros,1107.8
2019,Batalha,Município,Total,, euros,1095.8
2019,Beja,Município,Total,, euros,1102.3
2019,Belmonte,Município,Total,, euros,856.0
2019,Benavente,Município,Total,, euros,1093.8
2019,Bombarral,Município,Total,, euros,934.5
2019,Borba,Município,Total,, euros,966.2
2019,Boticas,Município,Total,, euros,876.0
2019,Braga,Município,Total,, euros,1145.8
2019,Bragança,Município,Total,, euros,1019.6
2019,Cabeceiras de Basto,Município,Total,, euros,809.3
2019,Cadaval,Município,Total,, euros,974.0
2019,Caldas da Rainha,Município,Total,, euros,959.5
2019,Calheta [R.A.A.],Município,Total,, euros,902.7
2019,Calheta [R.A.M.],Município,Total,, euros,1154.4
2019,Câmara de Lobos,Município,Total,, euros,999.6
2019,Caminha,Município,Total,, euros,920.4
2019,Campo Maior,Município,Total,, euros,1282.0
2019,Cantanhede,Município,Total,, euros,1083.3
2019,Carrazeda de Ansiães,Município,Total,, euros,861.0
2019,Carregal do Sal,Município,Total,, euros,984.1
2019,Cartaxo,Município,Total,, euros,1028.7
2019,Cascais,Município,Total,, euros,1215.5
2019,Castanheira de Pêra,Município,Total,, euros,937.7
2019,Castelo Branco,Município,Total,, euros,994.6
2019,Castelo de Paiva,Município,Total,, euros,853.0
2019,Castelo de Vide,Município,Total,, euros,892.1
2019,Castro Daire,Município,Total,, euros,877.0
2019,Castro Marim,Município,Total,, euros,864.9
2019,Castro Verde,Município,Total,, euros,1796.2
2019,Celorico da Beira,Município,Total,, euros,979.2
2019,Celorico de Basto,Município,Total,, euros,794.4
2019,Chamusca,Município,Total,, euros,976.0
2019,Chaves,Município,Total,, euros,958.2
2019,Cinfães,Município,Total,, euros,919.2
2019,Coimbra,Município,Total,, euros,1182.4
2019,Condeixa-a-Nova,Município,Total,, euros,999.8
2019,Constância,Município,Total,, euros,1262.8
2019,Coruche,Município,Total,, euros,1012.8
2019,Corvo,Município,Total,, euros,1089.1
2019,Covilhã,Município,Total,, euros,987.9
2019,Crato,Município,Total,, euros,833.5
2019,Cuba,Município,Total,, euros,954.8
2019,Elvas,Município,Total,, euros,892.0
2019,Entroncamento,Município,Total,, euros,1151.1
2019,Espinho,Município,Total,, euros,1008.8
2019,Esposende,Município,Total,, euros,962.4
2019,Estarreja,Município,Total,, euros,1260.3
2019,Estremoz,Município,Total,, euros,998.2
2019,Évora,Município,Total,, euros,1122.0
2019,Fafe,Município,Total,, euros,858.4
2019,Faro,Município,Total,, euros,1170.3
2019,Felgueiras,Município,Total,, euros,892.8
2019,Ferreira do Alentejo,Município,Total,, euros,979.5
2019,Ferreira do Zêzere,Município,Total,, euros,961.0
2019,Figueira da Foz,Município,Total,, euros,1194.7
2019,Figueira de Castelo Rodrigo,Município,Total,, euros,855.2
2019,Figueiró dos Vinhos,Município,Total,, euros,871.6
2019,Fornos de Algodres,Município,Total,, euros,807.9
2019,Freixo de Espada à Cinta,Município,Total,, euros,895.3
2019,Fronteira,Município,Total,, euros,944.6
2019,Funchal,Município,Total,, euros,1171.5
2019,Fundão,Município,Total,, euros,955.0
2019,Gavião,Município,Total,, euros,854.5
2019,Góis,Município,Total,, euros,822.9
2019,Golegã,Município,Total,, euros,973.7
2019,Gondomar,Município,Total,, euros,1016.6
2019,Gouveia,Município,Total,, euros,894.6
2019,Grândola,Município,Total,, euros,990.9
2019,Guarda,Município,Total,, euros,1100.5
2019,Guimarães,Município,Total,, euros,971.9
2019,Horta,Município,Total,, euros,1125.8
2019,Idanha-a-Nova,Município,Total,, euros,906.7
2019,Ílhavo,Município,Total,, euros,1148.9
2019,Lagoa,Município,Total,, euros,1029.4
2019,Lagoa [R.A.A.],Município,Total,, euros,941.9
2019,Lagos,Município,Total,, euros,980.7
2019,Lajes das Flores,Município,Total,, euros,1029.0
2019,Lajes do Pico,Município,Total,, euros,844.2
2019,Lamego,Município,Total,, euros,929.8
2019,Leiria,Município,Total,, euros,1125.7
2019,Lisboa,Município,Total,, euros,1669.4
2019,Loulé,Município,Total,, euros,1049.6
2019,Loures,Município,Total,, euros,1218.6
2019,Lourinhã,Município,Total,, euros,964.9
2019,Lousã,Município,Total,, euros,1000.7
2019,Lousada,Município,Total,, euros,860.6
2019,Mação,Município,Total,, euros,912.5
2019,Macedo de Cavaleiros,Município,Total,, euros,892.9
2019,Machico,Município,Total,, euros,1063.9
2019,Madalena,Município,Total,, euros,953.0
2019,Mafra,Município,Total,, euros,1022.0
2019,Maia,Município,Total,, euros,1250.7
2019,Mangualde,Município,Total,, euros,1105.3
2019,Manteigas,Município,Total,, euros,852.8
2019,Marco de Canaveses,Município,Total,, euros,886.2
2019,Marinha Grande,Município,Total,, euros,1335.3
2019,Marvão,Município,Total,, euros,799.7
2019,Matosinhos,Município,Total,, euros,1337.7
2019,Mealhada,Município,Total,, euros,1106.8
2019,Mêda,Município,Total,, euros,888.7
2019,Melgaço,Município,Total,, euros,880.9
2019,Mértola,Município,Total,, euros,861.4
2019,Mesão Frio,Município,Total,, euros,886.0
2019,Mira,Município,Total,, euros,942.5
2019,Miranda do Corvo,Município,Total,, euros,881.4
2019,Miranda do Douro,Município,Total,, euros,880.4
2019,Mirandela,Município,Total,, euros,957.8
2019,Mogadouro,Município,Total,, euros,884.7
2019,Moimenta da Beira,Município,Total,, euros,836.0
2019,Moita,Município,Total,, euros,985.1
2019,Monção,Município,Total,, euros,891.6
2019,Monchique,Município,Total,, euros,887.9
2019,Mondim de Basto,Município,Total,, euros,799.7
2019,Monforte,Município,Total,, euros,1020.3
2019,Montalegre,Município,Total,, euros,874.5
2019,Montemor-o-Novo,Município,Total,, euros,973.6
2019,Montemor-o-Velho,Município,Total,, euros,968.7
2019,Montijo,Município,Total,, euros,1027.6
2019,Mora,Município,Total,, euros,981.3
2019,Mortágua,Município,Total,, euros,1037.8
2019,Moura,Município,Total,, euros,935.6
2019,Mourão,Município,Total,, euros,889.0
2019,Murça,Município,Total,, euros,894.5
2019,Murtosa,Município,Total,, euros,924.0
2019,Nazaré,Município,Total,, euros,917.6
2019,Nelas,Município,Total,, euros,1098.2
2019,Nisa,Município,Total,, euros,830.1
2019,Nordeste,Município,Total,, euros,860.8
2019,Óbidos,Município,Total,, euros,1008.1
2019,Odemira,Município,Total,, euros,892.9
2019,Odivelas,Município,Total,, euros,987.2
2019,Oeiras,Município,Total,, euros,1748.2
2019,Oleiros,Município,Total,, euros,945.9
2019,Olhão,Município,Total,, euros,960.0
2019,Oliveira de Azeméis,Município,Total,, euros,1145.8
2019,Oliveira de Frades,Município,Total,, euros,1155.7
2019,Oliveira do Bairro,Município,Total,, euros,1047.8
2019,Oliveira do Hospital,Município,Total,, euros,902.5
2019,Ourém,Município,Total,, euros,1029.4
2019,Ourique,Município,Total,, euros,892.7
2019,Ovar,Município,Total,, euros,1074.0
2019,Paços de Ferreira,Município,Total,, euros,886.7
2019,Palmela,Município,Total,, euros,1408.9
2019,Pampilhosa da Serra,Município,Total,, euros,857.2
2019,Paredes,Município,Total,, euros,919.4
2019,Paredes de Coura,Município,Total,, euros,954.2
2019,Pedrógão Grande,Município,Total,, euros,883.8
2019,Penacova,Município,Total,, euros,979.1
2019,Penafiel,Município,Total,, euros,975.4
2019,Penalva do Castelo,Município,Total,, euros,906.7
2019,Penamacor,Município,Total,, euros,908.4
2019,Penedono,Município,Total,, euros,800.5
2019,Penela,Município,Total,, euros,939.7
2019,Peniche,Município,Total,, euros,954.9
2019,Peso da Régua,Município,Total,, euros,982.1
2019,Pinhel,Município,Total,, euros,855.3
2019,Pombal,Município,Total,, euros,1025.0
2019,Ponta Delgada,Município,Total,, euros,1205.5
2019,Ponta do Sol,Município,Total,, euros,881.1
2019,Ponte da Barca,Município,Total,, euros,854.2
2019,Ponte de Lima,Município,Total,, euros,922.3
2019,Ponte de Sor,Município,Total,, euros,1030.1
2019,Portalegre,Município,Total,, euros,991.0
2019,Portel,Município,Total,, euros,966.0
2019,Portimão,Município,Total,, euros,1049.2
2019,Porto,Município,Total,, euros,1416.7
2019,Porto de Mós,Município,Total,, euros,1088.0
2019,Porto Moniz,Município,Total,, euros,826.7
2019,Porto Santo,Município,Total,, euros,1175.5
2019,Póvoa de Lanhoso,Município,Total,, euros,855.7
2019,Póvoa de Varzim,Município,Total,, euros,1033.8
2019,Povoação,Município,Total,, euros,924.3
2019,Proença-a-Nova,Município,Total,, euros,946.8
2019,Redondo,Município,Total,, euros,967.8
2019,Reguengos de Monsaraz,Município,Total,, euros,937.7
2019,Resende,Município,Total,, euros,803.3
2019,Ribeira Brava,Município,Total,, euros,920.2
2019,Ribeira de Pena,Município,Total,, euros,1233.3
2019,Ribeira Grande,Município,Total,, euros,999.3
2019,Rio Maior,Município,Total,, euros,1040.4
2019,Sabrosa,Município,Total,, euros,946.1
2019,Sabugal,Município,Total,, euros,883.8
2019,Salvaterra de Magos,Município,Total,, euros,986.5
2019,Santa Comba Dão,Município,Total,, euros,923.5
2019,Santa Cruz,Município,Total,, euros,1116.1
2019,Santa Cruz da Graciosa,Município,Total,, euros,1039.1
2019,Santa Cruz das Flores,Município,Total,, euros,1178.4
2019,Santa Maria da Feira,Município,Total,, euros,1089.7
2019,Santa Marta de Penaguião,Município,Total,, euros,868.8
2019,Santana,Município,Total,, euros,883.2
2019,Santarém,Município,Total,, euros,1065.3
2019,Santiago do Cacém,Município,Total,, euros,1058.2
2019,Santo Tirso,Município,Total,, euros,1008.3
2019,São Brás de Alportel,Município,Total,, euros,972.3
2019,São João da Madeira,Município,Total,, euros,1074.3
2019,São João da Pesqueira,Município,Total,, euros,965.4
2019,São Pedro do Sul,Município,Total,, euros,837.6
2019,São Roque do Pico,Município,Total,, euros,1036.1
2019,São Vicente,Município,Total,, euros,866.1
2019,Sardoal,Município,Total,, euros,843.8
2019,Sátão,Município,Total,, euros,815.0
2019,Seia,Município,Total,, euros,915.1
2019,Seixal,Município,Total,, euros,1271.7
2019,Sernancelhe,Município,Total,, euros,806.4
2019,Serpa,Município,Total,, euros,888.6
2019,Sertã,Município,Total,, euros,898.2
2019,Sesimbra,Município,Total,, euros,1041.6
2019,Setúbal,Município,Total,, euros,1208.6
2019,Sever do Vouga,Município,Total,, euros,1050.9
2019,Silves,Município,Total,, euros,953.1
2019,Sines,Município,Total,, euros,1869.5
2019,Sintra,Município,Total,, euros,1220.7
2019,Sobral de Monte Agraço,Município,Total,, euros,970.4
2019,Soure,Município,Total,, euros,1007.6
2019,Sousel,Município,Total,, euros,925.4
2019,Tábua,Município,Total,, euros,919.1
2019,Tabuaço,Município,Total,, euros,966.3
2019,Tarouca,Município,Total,, euros,828.4
2019,Tavira,Município,Total,, euros,919.1
2019,Terras de Bouro,Município,Total,, euros,888.9
2019,Tomar,Município,Total,, euros,1025.4
2019,Tondela,Município,Total,, euros,1104.5
2019,Torre de Moncorvo,Município,Total,, euros,859.5
2019,Torres Novas,Município,Total,, euros,1099.7
2019,Torres Vedras,Município,Total,, euros,1030.8
2019,Trancoso,Município,Total,, euros,946.2
2019,Trofa,Município,Total,, euros,1113.1
2019,Vagos,Município,Total,, euros,1039.0
2019,Vale de Cambra,Município,Total,, euros,1136.3
2019,Valença,Município,Total,, euros,973.4
2019,Valongo,Município,Total,, euros,1087.7
2019,Valpaços,Município,Total,, euros,872.1
2019,Velas,Município,Total,, euros,1015.7
2019,Vendas Novas,Município,Total,, euros,1050.1
2019,Viana do Alentejo,Município,Total,, euros,909.0
2019,Viana do Castelo,Município,Total,, euros,1114.7
2019,Vidigueira,Município,Total,, euros,956.3
2019,Vieira do Minho,Município,Total,, euros,811.9
2019,Vila da Praia da Vitória,Município,Total,, euros,1067.4
2019,Vila de Rei,Município,Total,, euros,835.4
2019,Vila do Bispo,Município,Total,, euros,945.4
2019,Vila do Conde,Município,Total,, euros,1155.0
2019,Vila do Porto,Município,Total,, euros,1492.5
2019,Vila Flor,Município,Total,, euros,890.3
2019,Vila Franca de Xira,Município,Total,, euros,1245.6
2019,Vila Franca do Campo,Município,Total,, euros,895.3
2019,Vila Nova da Barquinha,Município,Total,, euros,864.6
2019,Vila Nova de Cerveira,Município,Total,, euros,1086.1
2019,Vila Nova de Famalicão,Município,Total,, euros,1080.2
2019,Vila Nova de Foz Côa,Município,Total,, euros,947.3
2019,Vila Nova de Gaia,Município,Total,, euros,1157.3
2019,Vila Nova de Paiva,Município,Total,, euros,833.7
2019,Vila Nova de Poiares,Município,Total,, euros,956.5
2019,Vila Pouca de Aguiar,Município,Total,, euros,906.6
2019,Vila Real,Município,Total,, euros,1090.7
2019,Vila Real de Santo António,Município,Total,, euros,941.0
2019,Vila Velha de Ródão,Município,Total,, euros,1251.3
2019,Vila Verde,Município,Total,, euros,893.1
2019,Vila Viçosa,Município,Total,, euros,1065.3
2019,Vimioso,Município,Total,, euros,854.5
2019,Vinhais,Município,Total,, euros,810.2
2019,Viseu,Município,Total,, euros,1036.9
2019,Vizela,Município,Total,, euros,858.8
2019,Vouzela,Município,Total,, euros,937.2
2020,Abrantes,Município,Total,, euros,1165.5
2020,Águeda,Município,Total,, euros,1089.2
2020,Aguiar da Beira,Município,Total,, euros,862.4
2020,Alandroal,Município,Total,, euros,994.8
2020,Albergaria-a-Velha,Município,Total,, euros,1139.9
2020,Albufeira,Município,Total,, euros,1062.1
2020,Alcácer do Sal,Município,Total,, euros,1023.0
2020,Alcanena,Município,Total,, euros,1118.3
2020,Alcobaça,Município,Total,, euros,1038.7
2020,Alcochete,Município,Total,, euros,2019.5
2020,Alcoutim,Município,Total,, euros,897.4
2020,Alenquer,Município,Total,, euros,1217.7
2020,Alfândega da Fé,Município,Total,, euros,889.9
2020,Alijó,Município,Total,, euros,950.6
2020,Aljezur,Município,Total,, euros,915.7
2020,Aljustrel,Município,Total,, euros,1193.8
2020,Almada,Município,Total,, euros,1184.0
2020,Almeida,Município,Total,, euros,905.0
2020,Almeirim,Município,Total,, euros,993.7
2020,Almodôvar,Município,Total,, euros,945.4
2020,Alpiarça,Município,Total,, euros,1001.3
2020,Alter do Chão,Município,Total,, euros,932.6
2020,Alvaiázere,Município,Total,, euros,950.8
2020,Alvito,Município,Total,, euros,1045.4
2020,Amadora,Município,Total,, euros,1476.8
2020,Amarante,Município,Total,, euros,950.6
2020,Amares,Município,Total,, euros,984.2
2020,Anadia,Município,Total,, euros,1035.4
2020,Angra do Heroísmo,Município,Total,, euros,1106.8
2020,Ansião,Município,Total,, euros,969.0
2020,Arcos de Valdevez,Município,Total,, euros,985.2
2020,Arganil,Município,Total,, euros,893.0
2020,Armamar,Município,Total,, euros,906.8
2020,Arouca,Município,Total,, euros,975.6
2020,Arraiolos,Município,Total,, euros,1024.8
2020,Arronches,Município,Total,, euros,906.1
2020,Arruda dos Vinhos,Município,Total,, euros,1107.8
2020,Aveiro,Município,Total,, euros,1286.1
2020,Avis,Município,Total,, euros,974.4
2020,Azambuja,Município,Total,, euros,1087.9
2020,Baião,Município,Total,, euros,942.1
2020,Barcelos,Município,Total,, euros,999.2
2020,Barrancos,Município,Total,, euros,885.4
2020,Barreiro,Município,Total,, euros,1164.5
2020,Batalha,Município,Total,, euros,1125.6
2020,Beja,Município,Total,, euros,1128.7
2020,Belmonte,Município,Total,, euros,909.2
2020,Benavente,Município,Total,, euros,1127.2
2020,Bombarral,Município,Total,, euros,967.7
2020,Borba,Município,Total,, euros,992.8
2020,Boticas,Município,Total,, euros,854.9
2020,Braga,Município,Total,, euros,1186.4
2020,Bragança,Município,Total,, euros,1046.9
2020,Cabeceiras de Basto,Município,Total,, euros,847.3
2020,Cadaval,Município,Total,, euros,1017.5
2020,Caldas da Rainha,Município,Total,, euros,1019.3
2020,Calheta [R.A.A.],Município,Total,, euros,945.8
2020,Calheta [R.A.M.],Município,Total,, euros,1217.4
2020,Câmara de Lobos,Município,Total,, euros,1015.9
2020,Caminha,Município,Total,, euros,918.1
2020,Campo Maior,Município,Total,, euros,1324.3
2020,Cantanhede,Município,Total,, euros,1109.5
2020,Carrazeda de Ansiães,Município,Total,, euros,882.6
2020,Carregal do Sal,Município,Total,, euros,994.7
2020,Cartaxo,Município,Total,, euros,1048.8
2020,Cascais,Município,Total,, euros,1264.2
2020,Castanheira de Pêra,Município,Total,, euros,938.5
2020,Castelo Branco,Município,Total,, euros,1026.8
2020,Castelo de Paiva,Município,Total,, euros,886.6
2020,Castelo de Vide,Município,Total,, euros,906.6
2020,Castro Daire,Município,Total,, euros,885.0
2020,Castro Marim,Município,Total,, euros,894.5
2020,Castro Verde,Município,Total,, euros,1941.1
2020,Celorico da Beira,Município,Total,, euros,1082.2
2020,Celorico de Basto,Município,Total,, euros,845.0
2020,Chamusca,Município,Total,, euros,1008.0
2020,Chaves,Município,Total,, euros,1002.0
2020,Cinfães,Município,Total,, euros,947.0
2020,Coimbra,Município,Total,, euros,1214.2
2020,Condeixa-a-Nova,Município,Total,, euros,1016.5
2020,Constância,Município,Total,, euros,1282.2
2020,Coruche,Município,Total,, euros,1041.0
2020,Corvo,Município,Total,, euros,1238.9
2020,Covilhã,Município,Total,, euros,1027.8
2020,Crato,Município,Total,, euros,867.9
2020,Cuba,Município,Total,, euros,1024.1
2020,Elvas,Município,Total,, euros,941.6
2020,Entroncamento,Município,Total,, euros,1194.2
2020,Espinho,Município,Total,, euros,1002.3
2020,Esposende,Município,Total,, euros,1002.5
2020,Estarreja,Município,Total,, euros,1297.0
2020,Estremoz,Município,Total,, euros,1001.6
2020,Évora,Município,Total,, euros,1166.6
2020,Fafe,Município,Total,, euros,883.5
2020,Faro,Município,Total,, euros,1215.0
2020,Felgueiras,Município,Total,, euros,908.9
2020,Ferreira do Alentejo,Município,Total,, euros,1043.9
2020,Ferreira do Zêzere,Município,Total,, euros,986.6
2020,Figueira da Foz,Município,Total,, euros,1202.7
2020,Figueira de Castelo Rodrigo,Município,Total,, euros,874.5
2020,Figueiró dos Vinhos,Município,Total,, euros,913.0
2020,Fornos de Algodres,Município,Total,, euros,838.7
2020,Freixo de Espada à Cinta,Município,Total,, euros,900.7
2020,Fronteira,Município,Total,, euros,956.7
2020,Funchal,Município,Total,, euros,1238.7
2020,Fundão,Município,Total,, euros,983.4
2020,Gavião,Município,Total,, euros,864.8
2020,Góis,Município,Total,, euros,844.6
2020,Golegã,Município,Total,, euros,1030.8
2020,Gondomar,Município,Total,, euros,1046.4
2020,Gouveia,Município,Total,, euros,923.4
2020,Grândola,Município,Total,, euros,1045.2
2020,Guarda,Município,Total,, euros,1147.2
2020,Guimarães,Município,Total,, euros,1013.7
2020,Horta,Município,Total,, euros,1153.6
2020,Idanha-a-Nova,Município,Total,, euros,942.5
2020,Ílhavo,Município,Total,, euros,1179.0
2020,Lagoa,Município,Total,, euros,1072.0
2020,Lagoa [R.A.A.],Município,Total,, euros,972.5
2020,Lagos,Município,Total,, euros,1019.3
2020,Lajes das Flores,Município,Total,, euros,984.1
2020,Lajes do Pico,Município,Total,, euros,924.8
2020,Lamego,Município,Total,, euros,958.0
2020,Leiria,Município,Total,, euros,1159.5
2020,Lisboa,Município,Total,, euros,1702.8
2020,Loulé,Município,Total,, euros,1082.9
2020,Loures,Município,Total,, euros,1256.2
2020,Lourinhã,Município,Total,, euros,999.7
2020,Lousã,Município,Total,, euros,1017.2
2020,Lousada,Município,Total,, euros,893.8
2020,Mação,Município,Total,, euros,983.2
2020,Macedo de Cavaleiros,Município,Total,, euros,930.7
2020,Machico,Município,Total,, euros,1111.9
2020,Madalena,Município,Total,, euros,957.1
2020,Mafra,Município,Total,, euros,1067.7
2020,Maia,Município,Total,, euros,1297.5
2020,Mangualde,Município,Total,, euros,1158.5
2020,Manteigas,Município,Total,, euros,893.9
2020,Marco de Canaveses,Município,Total,, euros,904.2
2020,Marinha Grande,Município,Total,, euros,1329.9
2020,Marvão,Município,Total,, euros,858.9
2020,Matosinhos,Município,Total,, euros,1387.5
2020,Mealhada,Município,Total,, euros,1170.5
2020,Mêda,Município,Total,, euros,892.6
2020,Melgaço,Município,Total,, euros,913.6
2020,Mértola,Município,Total,, euros,889.1
2020,Mesão Frio,Município,Total,, euros,855.9
2020,Mira,Município,Total,, euros,965.8
2020,Miranda do Corvo,Município,Total,, euros,921.7
2020,Miranda do Douro,Município,Total,, euros,916.0
2020,Mirandela,Município,Total,, euros,1001.4
2020,Mogadouro,Município,Total,, euros,921.0
2020,Moimenta da Beira,Município,Total,, euros,877.4
2020,Moita,Município,Total,, euros,1009.5
2020,Monção,Município,Total,, euros,946.5
2020,Monchique,Município,Total,, euros,935.3
2020,Mondim de Basto,Município,Total,, euros,834.8
2020,Monforte,Município,Total,, euros,1034.5
2020,Montalegre,Município,Total,, euros,920.6
2020,Montemor-o-Novo,Município,Total,, euros,1007.4
2020,Montemor-o-Velho,Município,Total,, euros,1011.2
2020,Montijo,Município,Total,, euros,1086.9
2020,Mora,Município,Total,, euros,1010.6
2020,Mortágua,Município,Total,, euros,1072.7
2020,Moura,Município,Total,, euros,974.5
2020,Mourão,Município,Total,, euros,937.7
2020,Murça,Município,Total,, euros,938.0
2020,Murtosa,Município,Total,, euros,941.1
2020,Nazaré,Município,Total,, euros,1030.9
2020,Nelas,Município,Total,, euros,1127.9
2020,Nisa,Município,Total,, euros,854.3
2020,Nordeste,Município,Total,, euros,890.2
2020,Óbidos,Município,Total,, euros,1026.1
2020,Odemira,Município,Total,, euros,922.8
2020,Odivelas,Município,Total,, euros,1003.6
2020,Oeiras,Município,Total,, euros,1839.8
2020,Oleiros,Município,Total,, euros,992.0
2020,Olhão,Município,Total,, euros,993.2
2020,Oliveira de Azeméis,Município,Total,, euros,1172.2
2020,Oliveira de Frades,Município,Total,, euros,1125.8
2020,Oliveira do Bairro,Município,Total,, euros,1094.6
2020,Oliveira do Hospital,Município,Total,, euros,949.5
2020,Ourém,Município,Total,, euros,1063.5
2020,Ourique,Município,Total,, euros,925.6
2020,Ovar,Município,Total,, euros,1114.5
2020,Paços de Ferreira,Município,Total,, euros,933.7
2020,Palmela,Município,Total,, euros,1443.5
2020,Pampilhosa da Serra,Município,Total,, euros,877.3
2020,Paredes,Município,Total,, euros,960.9
2020,Paredes de Coura,Município,Total,, euros,964.2
2020,Pedrógão Grande,Município,Total,, euros,944.5
2020,Penacova,Município,Total,, euros,1020.0
2020,Penafiel,Município,Total,, euros,1037.1
2020,Penalva do Castelo,Município,Total,, euros,936.7
2020,Penamacor,Município,Total,, euros,949.5
2020,Penedono,Município,Total,, euros,831.8
2020,Penela,Município,Total,, euros,977.7
2020,Peniche,Município,Total,, euros,995.2
2020,Peso da Régua,Município,Total,, euros,1005.1
2020,Pinhel,Município,Total,, euros,888.1
2020,Pombal,Município,Total,, euros,1062.0
2020,Ponta Delgada,Município,Total,, euros,1239.4
2020,Ponta do Sol,Município,Total,, euros,873.5
2020,Ponte da Barca,Município,Total,, euros,902.8
2020,Ponte de Lima,Município,Total,, euros,960.3
2020,Ponte de Sor,Município,Total,, euros,1073.0
2020,Portalegre,Município,Total,, euros,1041.3
2020,Portel,Município,Total,, euros,965.5
2020,Portimão,Município,Total,, euros,1081.9
2020,Porto,Município,Total,, euros,1498.3
2020,Porto de Mós,Município,Total,, euros,1134.5
2020,Porto Moniz,Município,Total,, euros,880.7
2020,Porto Santo,Município,Total,, euros,1206.0
2020,Póvoa de Lanhoso,Município,Total,, euros,882.7
2020,Póvoa de Varzim,Município,Total,, euros,1029.7
2020,Povoação,Município,Total,, euros,1036.6
2020,Proença-a-Nova,Município,Total,, euros,990.6
2020,Redondo,Município,Total,, euros,985.6
2020,Reguengos de Monsaraz,Município,Total,, euros,985.8
2020,Resende,Município,Total,, euros,880.1
2020,Ribeira Brava,Município,Total,, euros,956.6
2020,Ribeira de Pena,Município,Total,, euros,1169.5
2020,Ribeira Grande,Município,Total,, euros,1001.5
2020,Rio Maior,Município,Total,, euros,1070.8
2020,Sabrosa,Município,Total,, euros,984.9
2020,Sabugal,Município,Total,, euros,922.6
2020,Salvaterra de Magos,Município,Total,, euros,1034.2
2020,Santa Comba Dão,Município,Total,, euros,956.5
2020,Santa Cruz,Município,Total,, euros,1066.1
2020,Santa Cruz da Graciosa,Município,Total,, euros,1044.3
2020,Santa Cruz das Flores,Município,Total,, euros,1139.0
2020,Santa Maria da Feira,Município,Total,, euros,1126.4
2020,Santa Marta de Penaguião,Município,Total,, euros,871.6
2020,Santana,Município,Total,, euros,906.1
2020,Santarém,Município,Total,, euros,1099.5
2020,Santiago do Cacém,Município,Total,, euros,1072.6
2020,Santo Tirso,Município,Total,, euros,1040.9
2020,São Brás de Alportel,Município,Total,, euros,997.4
2020,São João da Madeira,Município,Total,, euros,1146.2
2020,São João da Pesqueira,Município,Total,, euros,980.4
2020,São Pedro do Sul,Município,Total,, euros,877.6
2020,São Roque do Pico,Município,Total,, euros,1051.2
2020,São Vicente,Município,Total,, euros,863.0
2020,Sardoal,Município,Total,, euros,846.9
2020,Sátão,Município,Total,, euros,853.7
2020,Seia,Município,Total,, euros,919.2
2020,Seixal,Município,Total,, euros,1357.0
2020,Sernancelhe,Município,Total,, euros,848.4
2020,Serpa,Município,Total,, euros,913.4
2020,Sertã,Município,Total,, euros,934.0
2020,Sesimbra,Município,Total,, euros,1022.5
2020,Setúbal,Município,Total,, euros,1257.5
2020,Sever do Vouga,Município,Total,, euros,1123.9
2020,Silves,Município,Total,, euros,1011.0
2020,Sines,Município,Total,, euros,1861.8
2020,Sintra,Município,Total,, euros,1255.4
2020,Sobral de Monte Agraço,Município,Total,, euros,1029.8
2020,Soure,Município,Total,, euros,1017.0
2020,Sousel,Município,Total,, euros,963.0
2020,Tábua,Município,Total,, euros,922.5
2020,Tabuaço,Município,Total,, euros,973.4
2020,Tarouca,Município,Total,, euros,855.2
2020,Tavira,Município,Total,, euros,967.2
2020,Terras de Bouro,Município,Total,, euros,949.4
2020,Tomar,Município,Total,, euros,1044.3
2020,Tondela,Município,Total,, euros,1160.5
2020,Torre de Moncorvo,Município,Total,, euros,891.7
2020,Torres Novas,Município,Total,, euros,1141.4
2020,Torres Vedras,Município,Total,, euros,1073.5
2020,Trancoso,Município,Total,, euros,975.4
2020,Trofa,Município,Total,, euros,1145.1
2020,Vagos,Município,Total,, euros,1046.8
2020,Vale de Cambra,Município,Total,, euros,1183.2
2020,Valença,Município,Total,, euros,1004.9
2020,Valongo,Município,Total,, euros,1117.0
2020,Valpaços,Município,Total,, euros,863.6
2020,Velas,Município,Total,, euros,1045.6
2020,Vendas Novas,Município,Total,, euros,1095.4
2020,Viana do Alentejo,Município,Total,, euros,951.2
2020,Viana do Castelo,Município,Total,, euros,1153.0
2020,Vidigueira,Município,Total,, euros,984.7
2020,Vieira do Minho,Município,Total,, euros,855.3
2020,Vila da Praia da Vitória,Município,Total,, euros,1078.1
2020,Vila de Rei,Município,Total,, euros,870.7
2020,Vila do Bispo,Município,Total,, euros,960.2
2020,Vila do Conde,Município,Total,, euros,1172.4
2020,Vila do Porto,Município,Total,, euros,1779.3
2020,Vila Flor,Município,Total,, euros,969.8
2020,Vila Franca de Xira,Município,Total,, euros,1273.3
2020,Vila Franca do Campo,Município,Total,, euros,879.2
2020,Vila Nova da Barquinha,Município,Total,, euros,897.5
2020,Vila Nova de Cerveira,Município,Total,, euros,1130.0
2020,Vila Nova de Famalicão,Município,Total,, euros,1135.8
2020,Vila Nova de Foz Côa,Município,Total,, euros,935.4
2020,Vila Nova de Gaia,Município,Total,, euros,1203.1
2020,Vila Nova de Paiva,Município,Total,, euros,884.4
2020,Vila Nova de Poiares,Município,Total,, euros,973.2
2020,Vila Pouca de Aguiar,Município,Total,, euros,946.6
2020,Vila Real,Município,Total,, euros,1115.4
2020,Vila Real de Santo António,Município,Total,, euros,966.0
2020,Vila Velha de Ródão,Município,Total,, euros,1366.8
2020,Vila Verde,Município,Total,, euros,918.0
2020,Vila Viçosa,Município,Total,, euros,1112.9
2020,Vimioso,Município,Total,, euros,890.3
2020,Vinhais,Município,Total,, euros,853.9
2020,Viseu,Município,Total,, euros,1065.3
2020,Vizela,Município,Total,, euros,904.9
2020,Vouzela,Município,Total,, euros,933.0
2021,Abrantes,Município,Total,, euros,1167.8
2021,Águeda,Município,Total,, euros,1127.5
2021,Aguiar da Beira,Município,Total,, euros,894.1
2021,Alandroal,Município,Total,, euros,1020.1
2021,Albergaria-a-Velha,Município,Total,, euros,1194.1
2021,Albufeira,Município,Total,, euros,1092.3
2021,Alcácer do Sal,Município,Total,, euros,1082.9
2021,Alcanena,Município,Total,, euros,1161.3
2021,Alcobaça,Município,Total,, euros,1074.2
2021,Alcochete,Município,Total,, euros,2006.6
2021,Alcoutim,Município,Total,, euros,925.5
2021,Alenquer,Município,Total,, euros,1239.7
2021,Alfândega da Fé,Município,Total,, euros,925.3
2021,Alijó,Município,Total,, euros,987.1
2021,Aljezur,Município,Total,, euros,970.6
2021,Aljustrel,Município,Total,, euros,1278.8
2021,Almada,Município,Total,, euros,1219.6
2021,Almeida,Município,Total,, euros,968.2
2021,Almeirim,Município,Total,, euros,1037.7
2021,Almodôvar,Município,Total,, euros,978.5
2021,Alpiarça,Município,Total,, euros,1015.7
2021,Alter do Chão,Município,Total,, euros,981.7
2021,Alvaiázere,Município,Total,, euros,1012.4
2021,Alvito,Município,Total,, euros,1039.8
2021,Amadora,Município,Total,, euros,1567.3
2021,Amarante,Município,Total,, euros,1001.3
2021,Amares,Município,Total,, euros,1045.0
2021,Anadia,Município,Total,, euros,1092.7
2021,Angra do Heroísmo,Município,Total,, euros,1133.9
2021,Ansião,Município,Total,, euros,999.4
2021,Arcos de Valdevez,Município,Total,, euros,1004.4
2021,Arganil,Município,Total,, euros,954.6
2021,Armamar,Município,Total,, euros,970.9
2021,Arouca,Município,Total,, euros,1022.5
2021,Arraiolos,Município,Total,, euros,1045.3
2021,Arronches,Município,Total,, euros,949.8
2021,Arruda dos Vinhos,Município,Total,, euros,1141.4
2021,Aveiro,Município,Total,, euros,1315.8
2021,Avis,Município,Total,, euros,1039.7
2021,Azambuja,Município,Total,, euros,1128.5
2021,Baião,Município,Total,, euros,957.8
2021,Barcelos,Município,Total,, euros,1033.1
2021,Barrancos,Município,Total,, euros,933.6
2021,Barreiro,Município,Total,, euros,1192.2
2021,Batalha,Município,Total,, euros,1167.3
2021,Beja,Município,Total,, euros,1182.2
2021,Belmonte,Município,Total,, euros,919.5
2021,Benavente,Município,Total,, euros,1189.2
2021,Bombarral,Município,Total,, euros,997.9
2021,Borba,Município,Total,, euros,1016.0
2021,Boticas,Município,Total,, euros,912.5
2021,Braga,Município,Total,, euros,1234.5
2021,Bragança,Município,Total,, euros,1088.2
2021,Cabeceiras de Basto,Município,Total,, euros,873.4
2021,Cadaval,Município,Total,, euros,1043.3
2021,Caldas da Rainha,Município,Total,, euros,1106.5
2021,Calheta [R.A.A.],Município,Total,, euros,942.1
2021,Calheta [R.A.M.],Município,Total,, euros,1230.9
2021,Câmara de Lobos,Município,Total,, euros,1028.8
2021,Caminha,Município,Total,, euros,952.8
2021,Campo Maior,Município,Total,, euros,1347.7
2021,Cantanhede,Município,Total,, euros,1153.6
2021,Carrazeda de Ansiães,Município,Total,, euros,919.8
2021,Carregal do Sal,Município,Total,, euros,1080.7
2021,Cartaxo,Município,Total,, euros,1100.4
2021,Cascais,Município,Total,, euros,1293.7
2021,Castanheira de Pêra,Município,Total,, euros,970.2
2021,Castelo Branco,Município,Total,, euros,1075.4
2021,Castelo de Paiva,Município,Total,, euros,927.3
2021,Castelo de Vide,Município,Total,, euros,947.0
2021,Castro Daire,Município,Total,, euros,930.0
2021,Castro Marim,Município,Total,, euros,938.4
2021,Castro Verde,Município,Total,, euros,2038.8
2021,Celorico da Beira,Município,Total,, euros,1099.6
2021,Celorico de Basto,Município,Total,, euros,881.4
2021,Chamusca,Município,Total,, euros,1051.0
2021,Chaves,Município,Total,, euros,1027.9
2021,Cinfães,Município,Total,, euros,1138.3
2021,Coimbra,Município,Total,, euros,1265.5
2021,Condeixa-a-Nova,Município,Total,, euros,1092.1
2021,Constância,Município,Total,, euros,1242.4
2021,Coruche,Município,Total,, euros,1070.9
2021,Corvo,Município,Total,, euros,1060.7
2021,Covilhã,Município,Total,, euros,1054.3
2021,Crato,Município,Total,, euros,910.8
2021,Cuba,Município,Total,, euros,1083.3
2021,Elvas,Município,Total,, euros,1031.7
2021,Entroncamento,Município,Total,, euros,1212.1
2021,Espinho,Município,Total,, euros,1095.0
2021,Esposende,Município,Total,, euros,1064.2
2021,Estarreja,Município,Total,, euros,1349.2
2021,Estremoz,Município,Total,, euros,1050.4
2021,Évora,Município,Total,, euros,1215.6
2021,Fafe,Município,Total,, euros,925.2
2021,Faro,Município,Total,, euros,1257.8
2021,Felgueiras,Município,Total,, euros,955.6
2021,Ferreira do Alentejo,Município,Total,, euros,1092.3
2021,Ferreira do Zêzere,Município,Total,, euros,1018.3
2021,Figueira da Foz,Município,Total,, euros,1259.8
2021,Figueira de Castelo Rodrigo,Município,Total,, euros,894.3
2021,Figueiró dos Vinhos,Município,Total,, euros,948.7
2021,Fornos de Algodres,Município,Total,, euros,873.6
2021,Freixo de Espada à Cinta,Município,Total,, euros,932.0
2021,Fronteira,Município,Total,, euros,1010.3
2021,Funchal,Município,Total,, euros,1264.8
2021,Fundão,Município,Total,, euros,1055.2
2021,Gavião,Município,Total,, euros,858.2
2021,Góis,Município,Total,, euros,876.8
2021,Golegã,Município,Total,, euros,1019.9
2021,Gondomar,Município,Total,, euros,1080.8
2021,Gouveia,Município,Total,, euros,951.6
2021,Grândola,Município,Total,, euros,1143.8
2021,Guarda,Município,Total,, euros,1176.3
2021,Guimarães,Município,Total,, euros,1061.8
2021,Horta,Município,Total,, euros,1174.4
2021,Idanha-a-Nova,Município,Total,, euros,986.0
2021,Ílhavo,Município,Total,, euros,1247.8
2021,Lagoa,Município,Total,, euros,1113.2
2021,Lagoa [R.A.A.],Município,Total,, euros,980.7
2021,Lagos,Município,Total,, euros,1056.6
2021,Lajes das Flores,Município,Total,, euros,1062.2
2021,Lajes do Pico,Município,Total,, euros,926.2
2021,Lamego,Município,Total,, euros,984.5
2021,Leiria,Município,Total,, euros,1202.6
2021,Lisboa,Município,Total,, euros,1752.0
2021,Loulé,Município,Total,, euros,1114.2
2021,Loures,Município,Total,, euros,1285.4
2021,Lourinhã,Município,Total,, euros,1077.0
2021,Lousã,Município,Total,, euros,1065.3
2021,Lousada,Município,Total,, euros,927.7
2021,Mação,Município,Total,, euros,939.5
2021,Macedo de Cavaleiros,Município,Total,, euros,979.8
2021,Machico,Município,Total,, euros,1142.0
2021,Madalena,Município,Total,, euros,994.2
2021,Mafra,Município,Total,, euros,1111.7
2021,Maia,Município,Total,, euros,1366.6
2021,Mangualde,Município,Total,, euros,1209.3
2021,Manteigas,Município,Total,, euros,966.5
2021,Marco de Canaveses,Município,Total,, euros,959.9
2021,Marinha Grande,Município,Total,, euros,1387.9
2021,Marvão,Município,Total,, euros,871.0
2021,Matosinhos,Município,Total,, euros,1423.7
2021,Mealhada,Município,Total,, euros,1185.9
2021,Mêda,Município,Total,, euros,919.2
2021,Melgaço,Município,Total,, euros,992.1
2021,Mértola,Município,Total,, euros,919.2
2021,Mesão Frio,Município,Total,, euros,982.7
2021,Mira,Município,Total,, euros,996.3
2021,Miranda do Corvo,Município,Total,, euros,960.4
2021,Miranda do Douro,Município,Total,, euros,934.9
2021,Mirandela,Município,Total,, euros,1032.1
2021,Mogadouro,Município,Total,, euros,938.2
2021,Moimenta da Beira,Município,Total,, euros,920.8
2021,Moita,Município,Total,, euros,1051.7
2021,Monção,Município,Total,, euros,990.7
2021,Monchique,Município,Total,, euros,933.4
2021,Mondim de Basto,Município,Total,, euros,869.5
2021,Monforte,Município,Total,, euros,1074.2
2021,Montalegre,Município,Total,, euros,959.3
2021,Montemor-o-Novo,Município,Total,, euros,1036.1
2021,Montemor-o-Velho,Município,Total,, euros,1042.7
2021,Montijo,Município,Total,, euros,1121.3
2021,Mora,Município,Total,, euros,1028.8
2021,Mortágua,Município,Total,, euros,1065.6
2021,Moura,Município,Total,, euros,988.5
2021,Mourão,Município,Total,, euros,1001.8
2021,Murça,Município,Total,, euros,961.4
2021,Murtosa,Município,Total,, euros,985.6
2021,Nazaré,Município,Total,, euros,1081.2
2021,Nelas,Município,Total,, euros,1161.7
2021,Nisa,Município,Total,, euros,885.9
2021,Nordeste,Município,Total,, euros,907.3
2021,Óbidos,Município,Total,, euros,1062.9
2021,Odemira,Município,Total,, euros,974.8
2021,Odivelas,Município,Total,, euros,1045.5
2021,Oeiras,Município,Total,, euros,1901.3
2021,Oleiros,Município,Total,, euros,1019.9
2021,Olhão,Município,Total,, euros,1039.7
2021,Oliveira de Azeméis,Município,Total,, euros,1144.2
2021,Oliveira de Frades,Município,Total,, euros,1141.3
2021,Oliveira do Bairro,Município,Total,, euros,1127.7
2021,Oliveira do Hospital,Município,Total,, euros,977.7
2021,Ourém,Município,Total,, euros,1115.1
2021,Ourique,Município,Total,, euros,971.2
2021,Ovar,Município,Total,, euros,1180.9
2021,Paços de Ferreira,Município,Total,, euros,957.5
2021,Palmela,Município,Total,, euros,1369.2
2021,Pampilhosa da Serra,Município,Total,, euros,942.0
2021,Paredes,Município,Total,, euros,997.7
2021,Paredes de Coura,Município,Total,, euros,1029.1
2021,Pedrógão Grande,Município,Total,, euros,999.4
2021,Penacova,Município,Total,, euros,1023.0
2021,Penafiel,Município,Total,, euros,1063.7
2021,Penalva do Castelo,Município,Total,, euros,992.6
2021,Penamacor,Município,Total,, euros,998.7
2021,Penedono,Município,Total,, euros,857.2
2021,Penela,Município,Total,, euros,1067.3
2021,Peniche,Município,Total,, euros,1050.1
2021,Peso da Régua,Município,Total,, euros,1042.8
2021,Pinhel,Município,Total,, euros,920.8
2021,Pombal,Município,Total,, euros,1095.6
2021,Ponta Delgada,Município,Total,, euros,1181.4
2021,Ponta do Sol,Município,Total,, euros,933.2
2021,Ponte da Barca,Município,Total,, euros,902.5
2021,Ponte de Lima,Município,Total,, euros,994.7
2021,Ponte de Sor,Município,Total,, euros,1086.1
2021,Portalegre,Município,Total,, euros,1101.8
2021,Portel,Município,Total,, euros,1026.5
2021,Portimão,Município,Total,, euros,1102.1
2021,Porto,Município,Total,, euros,1555.4
2021,Porto de Mós,Município,Total,, euros,1177.4
2021,Porto Moniz,Município,Total,, euros,886.5
2021,Porto Santo,Município,Total,, euros,1323.5
2021,Póvoa de Lanhoso,Município,Total,, euros,920.1
2021,Póvoa de Varzim,Município,Total,, euros,1067.8
2021,Povoação,Município,Total,, euros,971.5
2021,Proença-a-Nova,Município,Total,, euros,1056.3
2021,Redondo,Município,Total,, euros,1055.0
2021,Reguengos de Monsaraz,Município,Total,, euros,1059.3
2021,Resende,Município,Total,, euros,973.8
2021,Ribeira Brava,Município,Total,, euros,997.4
2021,Ribeira de Pena,Município,Total,, euros,1158.3
2021,Ribeira Grande,Município,Total,, euros,1063.0
2021,Rio Maior,Município,Total,, euros,1129.6
2021,Sabrosa,Município,Total,, euros,1037.6
2021,Sabugal,Município,Total,, euros,968.4
2021,Salvaterra de Magos,Município,Total,, euros,1044.6
2021,Santa Comba Dão,Município,Total,, euros,1024.2
2021,Santa Cruz,Município,Total,, euros,1168.4
2021,Santa Cruz da Graciosa,Município,Total,, euros,1103.9
2021,Santa Cruz das Flores,Município,Total,, euros,1163.1
2021,Santa Maria da Feira,Município,Total,, euros,1155.8
2021,Santa Marta de Penaguião,Município,Total,, euros,897.9
2021,Santana,Município,Total,, euros,927.2
2021,Santarém,Município,Total,, euros,1152.1
2021,Santiago do Cacém,Município,Total,, euros,1104.2
2021,Santo Tirso,Município,Total,, euros,1102.1
2021,São Brás de Alportel,Município,Total,, euros,1032.4
2021,São João da Madeira,Município,Total,, euros,1146.7
2021,São João da Pesqueira,Município,Total,, euros,1015.8
2021,São Pedro do Sul,Município,Total,, euros,900.1
2021,São Roque do Pico,Município,Total,, euros,1068.0
2021,São Vicente,Município,Total,, euros,893.8
2021,Sardoal,Município,Total,, euros,874.0
2021,Sátão,Município,Total,, euros,886.3
2021,Seia,Município,Total,, euros,968.0
2021,Seixal,Município,Total,, euros,1408.7
2021,Sernancelhe,Município,Total,, euros,906.4
2021,Serpa,Município,Total,, euros,968.5
2021,Sertã,Município,Total,, euros,976.1
2021,Sesimbra,Município,Total,, euros,1061.5
2021,Setúbal,Município,Total,, euros,1290.7
2021,Sever do Vouga,Município,Total,, euros,1120.5
2021,Silves,Município,Total,, euros,1050.4
2021,Sines,Município,Total,, euros,1849.6
2021,Sintra,Município,Total,, euros,1294.0
2021,Sobral de Monte Agraço,Município,Total,, euros,1059.0
2021,Soure,Município,Total,, euros,1085.3
2021,Sousel,Município,Total,, euros,1023.3
2021,Tábua,Município,Total,, euros,999.1
2021,Tabuaço,Município,Total,, euros,1023.7
2021,Tarouca,Município,Total,, euros,908.2
2021,Tavira,Município,Total,, euros,1007.4
2021,Terras de Bouro,Município,Total,, euros,994.1
2021,Tomar,Município,Total,, euros,1093.3
2021,Tondela,Município,Total,, euros,1154.9
2021,Torre de Moncorvo,Município,Total,, euros,933.5
2021,Torres Novas,Município,Total,, euros,1145.3
2021,Torres Vedras,Município,Total,, euros,1108.6
2021,Trancoso,Município,Total,, euros,1015.7
2021,Trofa,Município,Total,, euros,1211.5
2021,Vagos,Município,Total,, euros,1059.7
2021,Vale de Cambra,Município,Total,, euros,1221.8
2021,Valença,Município,Total,, euros,1034.8
2021,Valongo,Município,Total,, euros,1157.6
2021,Valpaços,Município,Total,, euros,892.5
2021,Velas,Município,Total,, euros,1041.8
2021,Vendas Novas,Município,Total,, euros,1080.5
2021,Viana do Alentejo,Município,Total,, euros,968.2
2021,Viana do Castelo,Município,Total,, euros,1195.8
2021,Vidigueira,Município,Total,, euros,1063.6
2021,Vieira do Minho,Município,Total,, euros,897.1
2021,Vila da Praia da Vitória,Município,Total,, euros,1094.2
2021,Vila de Rei,Município,Total,, euros,905.7
2021,Vila do Bispo,Município,Total,, euros,1010.2
2021,Vila do Conde,Município,Total,, euros,1215.5
2021,Vila do Porto,Município,Total,, euros,1821.1
2021,Vila Flor,Município,Total,, euros,979.2
2021,Vila Franca de Xira,Município,Total,, euros,1315.6
2021,Vila Franca do Campo,Município,Total,, euros,906.3
2021,Vila Nova da Barquinha,Município,Total,, euros,968.6
2021,Vila Nova de Cerveira,Município,Total,, euros,1152.1
2021,Vila Nova de Famalicão,Município,Total,, euros,1193.5
2021,Vila Nova de Foz Côa,Município,Total,, euros,992.6
2021,Vila Nova de Gaia,Município,Total,, euros,1241.3
2021,Vila Nova de Paiva,Município,Total,, euros,931.5
2021,Vila Nova de Poiares,Município,Total,, euros,1047.5
2021,Vila Pouca de Aguiar,Município,Total,, euros,924.6
2021,Vila Real,Município,Total,, euros,1140.5
2021,Vila Real de Santo António,Município,Total,, euros,1027.2
2021,Vila Velha de Ródão,Município,Total,, euros,1373.2
2021,Vila Verde,Município,Total,, euros,950.1
2021,Vila Viçosa,Município,Total,, euros,1119.1
2021,Vimioso,Município,Total,, euros,893.9
2021,Vinhais,Município,Total,, euros,890.0
2021,Viseu,Município,Total,, euros,1128.8
2021,Vizela,Município,Total,, euros,978.2
2021,Vouzela,Município,Total,, euros,952.5
2022,Abrantes,Município,Total,, euros,1204.7
2022,Águeda,Município,Total,, euros,1192.3
2022,Aguiar da Beira,Município,Total,, euros,955.5
2022,Alandroal,Município,Total,, euros,1093.2
2022,Albergaria-a-Velha,Município,Total,, euros,1256.1
2022,Albufeira,Município,Total,, euros,1122.0
2022,Alcácer do Sal,Município,Total,, euros,1126.8
2022,Alcanena,Município,Total,, euros,1223.5
2022,Alcobaça,Município,Total,, euros,1130.1
2022,Alcochete,Município,Total,, euros,2071.7
2022,Alcoutim,Município,Total,, euros,983.4
2022,Alenquer,Município,Total,, euros,1284.0
2022,Alfândega da Fé,Município,Total,, euros,968.4
2022,Alijó,Município,Total,, euros,1026.1
2022,Aljezur,Município,Total,, euros,1014.4
2022,Aljustrel,Município,Total,, euros,1381.7
2022,Almada,Município,Total,, euros,1260.3
2022,Almeida,Município,Total,, euros,1006.4
2022,Almeirim,Município,Total,, euros,1120.3
2022,Almodôvar,Município,Total,, euros,1049.8
2022,Alpiarça,Município,Total,, euros,1105.4
2022,Alter do Chão,Município,Total,, euros,1006.0
2022,Alvaiázere,Município,Total,, euros,1052.2
2022,Alvito,Município,Total,, euros,1148.6
2022,Amadora,Município,Total,, euros,1611.9
2022,Amarante,Município,Total,, euros,1047.0
2022,Amares,Município,Total,, euros,1063.4
2022,Anadia,Município,Total,, euros,1131.4
2022,Angra do Heroísmo,Município,Total,, euros,1186.7
2022,Ansião,Município,Total,, euros,1088.6
2022,Arcos de Valdevez,Município,Total,, euros,1079.2
2022,Arganil,Município,Total,, euros,988.0
2022,Armamar,Município,Total,, euros,1007.0
2022,Arouca,Município,Total,, euros,1091.2
2022,Arraiolos,Município,Total,, euros,1094.7
2022,Arronches,Município,Total,, euros,979.1
2022,Arruda dos Vinhos,Município,Total,, euros,1192.3
2022,Aveiro,Município,Total,, euros,1406.6
2022,Avis,Município,Total,, euros,1078.3
2022,Azambuja,Município,Total,, euros,1134.8
2022,Baião,Município,Total,, euros,997.1
2022,Barcelos,Município,Total,, euros,1091.8
2022,Barrancos,Município,Total,, euros,975.8
2022,Barreiro,Município,Total,, euros,1239.1
2022,Batalha,Município,Total,, euros,1214.5
2022,Beja,Município,Total,, euros,1227.8
2022,Belmonte,Município,Total,, euros,958.4
2022,Benavente,Município,Total,, euros,1278.6
2022,Bombarral,Município,Total,, euros,1061.0
2022,Borba,Município,Total,, euros,1045.9
2022,Boticas,Município,Total,, euros,972.3
2022,Braga,Município,Total,, euros,1286.0
2022,Bragança,Município,Total,, euros,1144.2
2022,Cabeceiras de Basto,Município,Total,, euros,922.0
2022,Cadaval,Município,Total,, euros,1104.7
2022,Caldas da Rainha,Município,Total,, euros,1152.9
2022,Calheta [R.A.A.],Município,Total,, euros,980.2
2022,Calheta [R.A.M.],Município,Total,, euros,1249.9
2022,Câmara de Lobos,Município,Total,, euros,1066.9
2022,Caminha,Município,Total,, euros,993.2
2022,Campo Maior,Município,Total,, euros,1430.9
2022,Cantanhede,Município,Total,, euros,1175.2
2022,Carrazeda de Ansiães,Município,Total,, euros,955.9
2022,Carregal do Sal,Município,Total,, euros,1152.4
2022,Cartaxo,Município,Total,, euros,1170.3
2022,Cascais,Município,Total,, euros,1346.7
2022,Castanheira de Pêra,Município,Total,, euros,1027.8
2022,Castelo Branco,Município,Total,, euros,1120.9
2022,Castelo de Paiva,Município,Total,, euros,967.0
2022,Castelo de Vide,Município,Total,, euros,1018.8
2022,Castro Daire,Município,Total,, euros,980.5
2022,Castro Marim,Município,Total,, euros,993.4
2022,Castro Verde,Município,Total,, euros,2075.0
2022,Celorico da Beira,Município,Total,, euros,1098.2
2022,Celorico de Basto,Município,Total,, euros,941.5
2022,Chamusca,Município,Total,, euros,1076.6
2022,Chaves,Município,Total,, euros,1094.2
2022,Cinfães,Município,Total,, euros,988.4
2022,Coimbra,Município,Total,, euros,1331.2
2022,Condeixa-a-Nova,Município,Total,, euros,1152.1
2022,Constância,Município,Total,, euros,1291.3
2022,Coruche,Município,Total,, euros,1111.6
2022,Corvo,Município,Total,, euros,1303.9
2022,Covilhã,Município,Total,, euros,1115.6
2022,Crato,Município,Total,, euros,931.6
2022,Cuba,Município,Total,, euros,1101.1
2022,Elvas,Município,Total,, euros,1068.3
2022,Entroncamento,Município,Total,, euros,1274.5
2022,Espinho,Município,Total,, euros,1145.1
2022,Esposende,Município,Total,, euros,1064.6
2022,Estarreja,Município,Total,, euros,1383.1
2022,Estremoz,Município,Total,, euros,1098.3
2022,Évora,Município,Total,, euros,1282.4
2022,Fafe,Município,Total,, euros,981.2
2022,Faro,Município,Total,, euros,1301.7
2022,Felgueiras,Município,Total,, euros,1020.7
2022,Ferreira do Alentejo,Município,Total,, euros,1144.2
2022,Ferreira do Zêzere,Município,Total,, euros,1070.0
2022,Figueira da Foz,Município,Total,, euros,1297.2
2022,Figueira de Castelo Rodrigo,Município,Total,, euros,971.1
2022,Figueiró dos Vinhos,Município,Total,, euros,1004.9
2022,Fornos de Algodres,Município,Total,, euros,938.7
2022,Freixo de Espada à Cinta,Município,Total,, euros,959.3
2022,Fronteira,Município,Total,, euros,1083.3
2022,Funchal,Município,Total,, euros,1295.9
2022,Fundão,Município,Total,, euros,1123.0
2022,Gavião,Município,Total,, euros,957.5
2022,Góis,Município,Total,, euros,922.6
2022,Golegã,Município,Total,, euros,1105.0
2022,Gondomar,Município,Total,, euros,1141.0
2022,Gouveia,Município,Total,, euros,1022.1
2022,Grândola,Município,Total,, euros,1272.5
2022,Guarda,Município,Total,, euros,1233.5
2022,Guimarães,Município,Total,, euros,1103.6
2022,Horta,Município,Total,, euros,1214.3
2022,Idanha-a-Nova,Município,Total,, euros,1052.5
2022,Ílhavo,Município,Total,, euros,1313.0
2022,Lagoa,Município,Total,, euros,1167.6
2022,Lagoa [R.A.A.],Município,Total,, euros,1074.5
2022,Lagos,Município,Total,, euros,1104.7
2022,Lajes das Flores,Município,Total,, euros,1158.8
2022,Lajes do Pico,Município,Total,, euros,986.0
2022,Lamego,Município,Total,, euros,1037.7
2022,Leiria,Município,Total,, euros,1258.5
2022,Lisboa,Município,Total,, euros,1856.3
2022,Loulé,Município,Total,, euros,1171.1
2022,Loures,Município,Total,, euros,1353.5
2022,Lourinhã,Município,Total,, euros,1099.0
2022,Lousã,Município,Total,, euros,1093.4
2022,Lousada,Município,Total,, euros,984.9
2022,Mação,Município,Total,, euros,995.0
2022,Macedo de Cavaleiros,Município,Total,, euros,1034.8
2022,Machico,Município,Total,, euros,1163.3
2022,Madalena,Município,Total,, euros,1021.2
2022,Mafra,Município,Total,, euros,1163.4
2022,Maia,Município,Total,, euros,1430.5
2022,Mangualde,Município,Total,, euros,1264.3
2022,Manteigas,Município,Total,, euros,1043.7
2022,Marco de Canaveses,Município,Total,, euros,989.4
2022,Marinha Grande,Município,Total,, euros,1452.7
2022,Marvão,Município,Total,, euros,903.7
2022,Matosinhos,Município,Total,, euros,1536.5
2022,Mealhada,Município,Total,, euros,1232.4
2022,Mêda,Município,Total,, euros,937.4
2022,Melgaço,Município,Total,, euros,997.8
2022,Mértola,Município,Total,, euros,972.0
2022,Mesão Frio,Município,Total,, euros,1086.4
2022,Mira,Município,Total,, euros,1076.4
2022,Miranda do Corvo,Município,Total,, euros,1033.1
2022,Miranda do Douro,Município,Total,, euros,964.1
2022,Mirandela,Município,Total,, euros,1062.4
2022,Mogadouro,Município,Total,, euros,980.7
2022,Moimenta da Beira,Município,Total,, euros,976.5
2022,Moita,Município,Total,, euros,1116.3
2022,Monção,Município,Total,, euros,1065.0
2022,Monchique,Município,Total,, euros,1004.3
2022,Mondim de Basto,Município,Total,, euros,902.8
2022,Monforte,Município,Total,, euros,1136.5
2022,Montalegre,Município,Total,, euros,978.1
2022,Montemor-o-Novo,Município,Total,, euros,1101.7
2022,Montemor-o-Velho,Município,Total,, euros,1076.0
2022,Montijo,Município,Total,, euros,1150.5
2022,Mora,Município,Total,, euros,1028.9
2022,Mortágua,Município,Total,, euros,1233.7
2022,Moura,Município,Total,, euros,1054.7
2022,Mourão,Município,Total,, euros,1047.6
2022,Murça,Município,Total,, euros,1026.8
2022,Murtosa,Município,Total,, euros,1039.7
2022,Nazaré,Município,Total,, euros,1138.8
2022,Nelas,Município,Total,, euros,1217.2
2022,Nisa,Município,Total,, euros,957.1
2022,Nordeste,Município,Total,, euros,919.2
2022,Óbidos,Município,Total,, euros,1106.6
2022,Odemira,Município,Total,, euros,1000.0
2022,Odivelas,Município,Total,, euros,1095.1
2022,Oeiras,Município,Total,, euros,2019.9
2022,Oleiros,Município,Total,, euros,1069.0
2022,Olhão,Município,Total,, euros,1085.5
2022,Oliveira de Azeméis,Município,Total,, euros,1272.6
2022,Oliveira de Frades,Município,Total,, euros,1261.6
2022,Oliveira do Bairro,Município,Total,, euros,1211.4
2022,Oliveira do Hospital,Município,Total,, euros,1024.6
2022,Ourém,Município,Total,, euros,1155.7
2022,Ourique,Município,Total,, euros,1012.7
2022,Ovar,Município,Total,, euros,1259.6
2022,Paços de Ferreira,Município,Total,, euros,1012.8
2022,Palmela,Município,Total,, euros,1533.5
2022,Pampilhosa da Serra,Município,Total,, euros,976.7
2022,Paredes,Município,Total,, euros,1059.1
2022,Paredes de Coura,Município,Total,, euros,1068.5
2022,Pedrógão Grande,Município,Total,, euros,985.7
2022,Penacova,Município,Total,, euros,1144.3
2022,Penafiel,Município,Total,, euros,1127.4
2022,Penalva do Castelo,Município,Total,, euros,1007.9
2022,Penamacor,Município,Total,, euros,973.5
2022,Penedono,Município,Total,, euros,903.9
2022,Penela,Município,Total,, euros,1096.7
2022,Peniche,Município,Total,, euros,1089.4
2022,Peso da Régua,Município,Total,, euros,1095.9
2022,Pinhel,Município,Total,, euros,960.7
2022,Pombal,Município,Total,, euros,1148.9
2022,Ponta Delgada,Município,Total,, euros,1255.3
2022,Ponta do Sol,Município,Total,, euros,955.2
2022,Ponte da Barca,Município,Total,, euros,967.7
2022,Ponte de Lima,Município,Total,, euros,1074.8
2022,Ponte de Sor,Município,Total,, euros,1104.1
2022,Portalegre,Município,Total,, euros,1173.4
2022,Portel,Município,Total,, euros,1100.0
2022,Portimão,Município,Total,, euros,1129.6
2022,Porto,Município,Total,, euros,1628.7
2022,Porto de Mós,Município,Total,, euros,1246.9
2022,Porto Moniz,Município,Total,, euros,955.2
2022,Porto Santo,Município,Total,, euros,1335.2
2022,Póvoa de Lanhoso,Município,Total,, euros,970.7
2022,Póvoa de Varzim,Município,Total,, euros,1134.2
2022,Povoação,Município,Total,, euros,1059.8
2022,Proença-a-Nova,Município,Total,, euros,1106.3
2022,Redondo,Município,Total,, euros,1157.5
2022,Reguengos de Monsaraz,Município,Total,, euros,1102.4
2022,Resende,Município,Total,, euros,915.9
2022,Ribeira Brava,Município,Total,, euros,1043.0
2022,Ribeira de Pena,Município,Total,, euros,1140.2
2022,Ribeira Grande,Município,Total,, euros,1094.4
2022,Rio Maior,Município,Total,, euros,1184.4
2022,Sabrosa,Município,Total,, euros,1107.9
2022,Sabugal,Município,Total,, euros,1019.1
2022,Salvaterra de Magos,Município,Total,, euros,1096.6
2022,Santa Comba Dão,Município,Total,, euros,1053.4
2022,Santa Cruz,Município,Total,, euros,1200.4
2022,Santa Cruz da Graciosa,Município,Total,, euros,1094.5
2022,Santa Cruz das Flores,Município,Total,, euros,1265.5
2022,Santa Maria da Feira,Município,Total,, euros,1222.1
2022,Santa Marta de Penaguião,Município,Total,, euros,941.9
2022,Santana,Município,Total,, euros,979.6
2022,Santarém,Município,Total,, euros,1227.7
2022,Santiago do Cacém,Município,Total,, euros,1159.1
2022,Santo Tirso,Município,Total,, euros,1161.4
2022,São Brás de Alportel,Município,Total,, euros,1067.1
2022,São João da Madeira,Município,Total,, euros,1212.6
2022,São João da Pesqueira,Município,Total,, euros,1049.6
2022,São Pedro do Sul,Município,Total,, euros,949.5
2022,São Roque do Pico,Município,Total,, euros,1133.0
2022,São Vicente,Município,Total,, euros,938.8
2022,Sardoal,Município,Total,, euros,907.0
2022,Sátão,Município,Total,, euros,940.2
2022,Seia,Município,Total,, euros,1031.0
2022,Seixal,Município,Total,, euros,1418.9
2022,Sernancelhe,Município,Total,, euros,948.7
2022,Serpa,Município,Total,, euros,1013.6
2022,Sertã,Município,Total,, euros,1017.1
2022,Sesimbra,Município,Total,, euros,1100.6
2022,Setúbal,Município,Total,, euros,1341.2
2022,Sever do Vouga,Município,Total,, euros,1215.4
2022,Silves,Município,Total,, euros,1105.0
2022,Sines,Município,Total,, euros,1925.5
2022,Sintra,Município,Total,, euros,1354.7
2022,Sobral de Monte Agraço,Município,Total,, euros,1101.1
2022,Soure,Município,Total,, euros,1154.0
2022,Sousel,Município,Total,, euros,1043.9
2022,Tábua,Município,Total,, euros,1078.0
2022,Tabuaço,Município,Total,, euros,1074.4
2022,Tarouca,Município,Total,, euros,966.0
2022,Tavira,Município,Total,, euros,1062.8
2022,Terras de Bouro,Município,Total,, euros,1054.1
2022,Tomar,Município,Total,, euros,1113.5
2022,Tondela,Município,Total,, euros,1221.7
2022,Torre de Moncorvo,Município,Total,, euros,960.2
2022,Torres Novas,Município,Total,, euros,1227.9
2022,Torres Vedras,Município,Total,, euros,1146.9
2022,Trancoso,Município,Total,, euros,1074.5
2022,Trofa,Município,Total,, euros,1254.1
2022,Vagos,Município,Total,, euros,1173.5
2022,Vale de Cambra,Município,Total,, euros,1261.4
2022,Valença,Município,Total,, euros,1070.4
2022,Valongo,Município,Total,, euros,1229.6
2022,Valpaços,Município,Total,, euros,931.0
2022,Velas,Município,Total,, euros,1046.0
2022,Vendas Novas,Município,Total,, euros,1171.8
2022,Viana do Alentejo,Município,Total,, euros,1019.3
2022,Viana do Castelo,Município,Total,, euros,1246.0
2022,Vidigueira,Município,Total,, euros,1113.9
2022,Vieira do Minho,Município,Total,, euros,943.9
2022,Vila da Praia da Vitória,Município,Total,, euros,1158.8
2022,Vila de Rei,Município,Total,, euros,927.1
2022,Vila do Bispo,Município,Total,, euros,1052.6
2022,Vila do Conde,Município,Total,, euros,1267.1
2022,Vila do Porto,Município,Total,, euros,2051.3
2022,Vila Flor,Município,Total,, euros,1014.3
2022,Vila Franca de Xira,Município,Total,, euros,1388.4
2022,Vila Franca do Campo,Município,Total,, euros,958.1
2022,Vila Nova da Barquinha,Município,Total,, euros,1014.4
2022,Vila Nova de Cerveira,Município,Total,, euros,1238.5
2022,Vila Nova de Famalicão,Município,Total,, euros,1257.8
2022,Vila Nova de Foz Côa,Município,Total,, euros,1033.4
2022,Vila Nova de Gaia,Município,Total,, euros,1305.7
2022,Vila Nova de Paiva,Município,Total,, euros,953.2
2022,Vila Nova de Poiares,Município,Total,, euros,1098.4
2022,Vila Pouca de Aguiar,Município,Total,, euros,978.1
2022,Vila Real,Município,Total,, euros,1219.8
2022,Vila Real de Santo António,Município,Total,, euros,1092.3
2022,Vila Velha de Ródão,Município,Total,, euros,1474.7
2022,Vila Verde,Município,Total,, euros,1012.5
2022,Vila Viçosa,Município,Total,, euros,1174.1
2022,Vimioso,Município,Total,, euros,913.4
2022,Vinhais,Município,Total,, euros,924.7
2022,Viseu,Município,Total,, euros,1172.1
2022,Vizela,Município,Total,, euros,1043.7
2022,Vouzela,Município,Total,, euros,1027.3
2023,Abrantes,Município,Total,, euros,1289.0
2023,Águeda,Município,Total,, euros,1280.2
2023,Aguiar da Beira,Município,Total,, euros,1016.9
2023,Alandroal,Município,Total,, euros,1171.4
2023,Albergaria-a-Velha,Município,Total,, euros,1349.1
2023,Albufeira,Município,Total,, euros,1216.3
2023,Alcácer do Sal,Município,Total,, euros,1210.1
2023,Alcanena,Município,Total,, euros,1324.3
2023,Alcobaça,Município,Total,, euros,1214.6
2023,Alcochete,Município,Total,, euros,2338.9
2023,Alcoutim,Município,Total,, euros,1145.8
2023,Alenquer,Município,Total,, euros,1382.7
2023,Alfândega da Fé,Município,Total,, euros,1002.3
2023,Alijó,Município,Total,, euros,1107.7
2023,Aljezur,Município,Total,, euros,1093.1
2023,Aljustrel,Município,Total,, euros,1473.4
2023,Almada,Município,Total,, euros,1354.3
2023,Almeida,Município,Total,, euros,1083.5
2023,Almeirim,Município,Total,, euros,1235.1
2023,Almodôvar,Município,Total,, euros,1117.8
2023,Alpiarça,Município,Total,, euros,1154.9
2023,Alter do Chão,Município,Total,, euros,1103.3
2023,Alvaiázere,Município,Total,, euros,1135.6
2023,Alvito,Município,Total,, euros,1266.0
2023,Amadora,Município,Total,, euros,1734.8
2023,Amarante,Município,Total,, euros,1133.8
2023,Amares,Município,Total,, euros,1152.4
2023,Anadia,Município,Total,, euros,1203.4
2023,Angra do Heroísmo,Município,Total,, euros,1266.8
2023,Ansião,Município,Total,, euros,1182.5
2023,Arcos de Valdevez,Município,Total,, euros,1140.4
2023,Arganil,Município,Total,, euros,1070.2
2023,Armamar,Município,Total,, euros,1070.8
2023,Arouca,Município,Total,, euros,1174.6
2023,Arraiolos,Município,Total,, euros,1200.1
2023,Arronches,Município,Total,, euros,1101.6
2023,Arruda dos Vinhos,Município,Total,, euros,1283.1
2023,Aveiro,Município,Total,, euros,1517.8
2023,Avis,Município,Total,, euros,1193.6
2023,Azambuja,Município,Total,, euros,1226.3
2023,Baião,Município,Total,, euros,1039.5
2023,Barcelos,Município,Total,, euros,1165.1
2023,Barrancos,Município,Total,, euros,1036.5
2023,Barreiro,Município,Total,, euros,1337.8
2023,Batalha,Município,Total,, euros,1294.8
2023,Beja,Município,Total,, euros,1298.9
2023,Belmonte,Município,Total,, euros,1041.9
2023,Benavente,Município,Total,, euros,1348.8
2023,Bombarral,Município,Total,, euros,1130.1
2023,Borba,Município,Total,, euros,1139.8
2023,Boticas,Município,Total,, euros,1051.7
2023,Braga,Município,Total,, euros,1391.4
2023,Bragança,Município,Total,, euros,1236.4
2023,Cabeceiras de Basto,Município,Total,, euros,1016.1
2023,Cadaval,Município,Total,, euros,1177.0
2023,Caldas da Rainha,Município,Total,, euros,1241.3
2023,Calheta [R.A.A.],Município,Total,, euros,1079.0
2023,Calheta [R.A.M.],Município,Total,, euros,1321.5
2023,Câmara de Lobos,Município,Total,, euros,1137.2
2023,Caminha,Município,Total,, euros,1069.7
2023,Campo Maior,Município,Total,, euros,1496.2
2023,Cantanhede,Município,Total,, euros,1290.3
2023,Carrazeda de Ansiães,Município,Total,, euros,1012.8
2023,Carregal do Sal,Município,Total,, euros,1207.8
2023,Cartaxo,Município,Total,, euros,1243.7
2023,Cascais,Município,Total,, euros,1449.8
2023,Castanheira de Pêra,Município,Total,, euros,1076.2
2023,Castelo Branco,Município,Total,, euros,1199.5
2023,Castelo de Paiva,Município,Total,, euros,1077.4
2023,Castelo de Vide,Município,Total,, euros,1102.9
2023,Castro Daire,Município,Total,, euros,1078.7
2023,Castro Marim,Município,Total,, euros,1088.5
2023,Castro Verde,Município,Total,, euros,2479.1
2023,Celorico da Beira,Município,Total,, euros,1165.1
2023,Celorico de Basto,Município,Total,, euros,1015.3
2023,Chamusca,Município,Total,, euros,1194.4
2023,Chaves,Município,Total,, euros,1181.3
2023,Cinfães,Município,Total,, euros,1080.7
2023,Coimbra,Município,Total,, euros,1418.6
2023,Condeixa-a-Nova,Município,Total,, euros,1237.9
2023,Constância,Município,Total,, euros,1418.8
2023,Coruche,Município,Total,, euros,1209.6
2023,Corvo,Município,Total,, euros,1500.1
2023,Covilhã,Município,Total,, euros,1178.5
2023,Crato,Município,Total,, euros,1055.9
2023,Cuba,Município,Total,, euros,1110.8
2023,Elvas,Município,Total,, euros,1098.1
2023,Entroncamento,Município,Total,, euros,1343.3
2023,Espinho,Município,Total,, euros,1244.2
2023,Esposende,Município,Total,, euros,1160.4
2023,Estarreja,Município,Total,, euros,1504.1
2023,Estremoz,Município,Total,, euros,1170.8
2023,Évora,Município,Total,, euros,1369.7
2023,Fafe,Município,Total,, euros,1065.0
2023,Faro,Município,Total,, euros,1375.8
2023,Felgueiras,Município,Total,, euros,1096.3
2023,Ferreira do Alentejo,Município,Total,, euros,1230.3
2023,Ferreira do Zêzere,Município,Total,, euros,1158.4
2023,Figueira da Foz,Município,Total,, euros,1395.5
2023,Figueira de Castelo Rodrigo,Município,Total,, euros,1036.3
2023,Figueiró dos Vinhos,Município,Total,, euros,1077.2
2023,Fornos de Algodres,Município,Total,, euros,1011.3
2023,Freixo de Espada à Cinta,Município,Total,, euros,1050.9
2023,Fronteira,Município,Total,, euros,1111.3
2023,Funchal,Município,Total,, euros,1377.9
2023,Fundão,Município,Total,, euros,1186.9
2023,Gavião,Município,Total,, euros,1252.5
2023,Góis,Município,Total,, euros,1001.0
2023,Golegã,Município,Total,, euros,1224.7
2023,Gondomar,Município,Total,, euros,1222.9
2023,Gouveia,Município,Total,, euros,1098.8
2023,Grândola,Município,Total,, euros,1408.7
2023,Guarda,Município,Total,, euros,1330.6
2023,Guimarães,Município,Total,, euros,1179.0
2023,Horta,Município,Total,, euros,1315.4
2023,Idanha-a-Nova,Município,Total,, euros,1171.5
2023,Ílhavo,Município,Total,, euros,1403.3
2023,Lagoa,Município,Total,, euros,1264.0
2023,Lagoa [R.A.A.],Município,Total,, euros,1173.0
2023,Lagos,Município,Total,, euros,1185.8
2023,Lajes das Flores,Município,Total,, euros,1122.0
2023,Lajes do Pico,Município,Total,, euros,1064.7
2023,Lamego,Município,Total,, euros,1123.1
2023,Leiria,Município,Total,, euros,1334.9
2023,Lisboa,Município,Total,, euros,1985.6
2023,Loulé,Município,Total,, euros,1264.5
2023,Loures,Município,Total,, euros,1440.3
2023,Lourinhã,Município,Total,, euros,1169.6
2023,Lousã,Município,Total,, euros,1220.6
2023,Lousada,Município,Total,, euros,1076.2
2023,Mação,Município,Total,, euros,1072.8
2023,Macedo de Cavaleiros,Município,Total,, euros,1108.0
2023,Machico,Município,Total,, euros,1229.7
2023,Madalena,Município,Total,, euros,1136.7
2023,Mafra,Município,Total,, euros,1256.1
2023,Maia,Município,Total,, euros,1524.7
2023,Mangualde,Município,Total,, euros,1342.5
2023,Manteigas,Município,Total,, euros,1067.3
2023,Marco de Canaveses,Município,Total,, euros,1087.3
2023,Marinha Grande,Município,Total,, euros,1515.6
2023,Marvão,Município,Total,, euros,972.4
2023,Matosinhos,Município,Total,, euros,1600.8
2023,Mealhada,Município,Total,, euros,1340.5
2023,Mêda,Município,Total,, euros,1019.1
2023,Melgaço,Município,Total,, euros,1069.4
2023,Mértola,Município,Total,, euros,1038.6
2023,Mesão Frio,Município,Total,, euros,1029.5
2023,Mira,Município,Total,, euros,1144.4
2023,Miranda do Corvo,Município,Total,, euros,1098.0
2023,Miranda do Douro,Município,Total,, euros,1046.2
2023,Mirandela,Município,Total,, euros,1135.7
2023,Mogadouro,Município,Total,, euros,1045.9
2023,Moimenta da Beira,Município,Total,, euros,1041.0
2023,Moita,Município,Total,, euros,1257.8
2023,Monção,Município,Total,, euros,1139.3
2023,Monchique,Município,Total,, euros,1106.7
2023,Mondim de Basto,Município,Total,, euros,976.2
2023,Monforte,Município,Total,, euros,1201.1
2023,Montalegre,Município,Total,, euros,1054.8
2023,Montemor-o-Novo,Município,Total,, euros,1187.0
2023,Montemor-o-Velho,Município,Total,, euros,1195.2
2023,Montijo,Município,Total,, euros,1206.1
2023,Mora,Município,Total,, euros,1142.3
2023,Mortágua,Município,Total,, euros,1337.1
2023,Moura,Município,Total,, euros,1137.2
2023,Mourão,Município,Total,, euros,1142.2
2023,Murça,Município,Total,, euros,1150.0
2023,Murtosa,Município,Total,, euros,1125.2
2023,Nazaré,Município,Total,, euros,1225.7
2023,Nelas,Município,Total,, euros,1305.6
2023,Nisa,Município,Total,, euros,1036.6
2023,Nordeste,Município,Total,, euros,1005.8
2023,Óbidos,Município,Total,, euros,1242.8
2023,Odemira,Município,Total,, euros,1077.7
2023,Odivelas,Município,Total,, euros,1185.9
2023,Oeiras,Município,Total,, euros,2104.8
2023,Oleiros,Município,Total,, euros,1187.9
2023,Olhão,Município,Total,, euros,1165.5
2023,Oliveira de Azeméis,Município,Total,, euros,1368.8
2023,Oliveira de Frades,Município,Total,, euros,1391.3
2023,Oliveira do Bairro,Município,Total,, euros,1302.7
2023,Oliveira do Hospital,Município,Total,, euros,1110.7
2023,Ourém,Município,Total,, euros,1244.4
2023,Ourique,Município,Total,, euros,1117.8
2023,Ovar,Município,Total,, euros,1363.2
2023,Paços de Ferreira,Município,Total,, euros,1104.1
2023,Palmela,Município,Total,, euros,1511.4
2023,Pampilhosa da Serra,Município,Total,, euros,1061.5
2023,Paredes,Município,Total,, euros,1136.5
2023,Paredes de Coura,Município,Total,, euros,1137.3
2023,Pedrógão Grande,Município,Total,, euros,1080.2
2023,Penacova,Município,Total,, euros,1258.2
2023,Penafiel,Município,Total,, euros,1180.5
2023,Penalva do Castelo,Município,Total,, euros,1089.9
2023,Penamacor,Município,Total,, euros,1058.5
2023,Penedono,Município,Total,, euros,953.0
2023,Penela,Município,Total,, euros,1175.5
2023,Peniche,Município,Total,, euros,1136.4
2023,Peso da Régua,Município,Total,, euros,1154.4
2023,Pinhel,Município,Total,, euros,1045.2
2023,Pombal,Município,Total,, euros,1241.4
2023,Ponta Delgada,Município,Total,, euros,1432.0
2023,Ponta do Sol,Município,Total,, euros,1094.3
2023,Ponte da Barca,Município,Total,, euros,1053.7
2023,Ponte de Lima,Município,Total,, euros,1148.3
2023,Ponte de Sor,Município,Total,, euros,1179.5
2023,Portalegre,Município,Total,, euros,1262.4
2023,Portel,Município,Total,, euros,1170.1
2023,Portimão,Município,Total,, euros,1221.2
2023,Porto,Município,Total,, euros,1761.4
2023,Porto de Mós,Município,Total,, euros,1331.4
2023,Porto Moniz,Município,Total,, euros,1000.1
2023,Porto Santo,Município,Total,, euros,1345.1
2023,Póvoa de Lanhoso,Município,Total,, euros,1050.5
2023,Póvoa de Varzim,Município,Total,, euros,1228.5
2023,Povoação,Município,Total,, euros,1094.7
2023,Proença-a-Nova,Município,Total,, euros,1202.1
2023,Redondo,Município,Total,, euros,1157.1
2023,Reguengos de Monsaraz,Município,Total,, euros,1144.0
2023,Resende,Município,Total,, euros,1021.3
2023,Ribeira Brava,Município,Total,, euros,1129.8
2023,Ribeira de Pena,Município,Total,, euros,1206.7
2023,Ribeira Grande,Município,Total,, euros,1171.4
2023,Rio Maior,Município,Total,, euros,1257.3
2023,Sabrosa,Município,Total,, euros,1180.7
2023,Sabugal,Município,Total,, euros,1091.0
2023,Salvaterra de Magos,Município,Total,, euros,1165.2
2023,Santa Comba Dão,Município,Total,, euros,1126.0
2023,Santa Cruz,Município,Total,, euros,1275.6
2023,Santa Cruz da Graciosa,Município,Total,, euros,1215.1
2023,Santa Cruz das Flores,Município,Total,, euros,1482.6
2023,Santa Maria da Feira,Município,Total,, euros,1301.7
2023,Santa Marta de Penaguião,Município,Total,, euros,1030.8
2023,Santana,Município,Total,, euros,1060.2
2023,Santarém,Município,Total,, euros,1301.6
2023,Santiago do Cacém,Município,Total,, euros,1273.1
2023,Santo Tirso,Município,Total,, euros,1264.1
2023,São Brás de Alportel,Município,Total,, euros,1145.4
2023,São João da Madeira,Município,Total,, euros,1321.5
2023,São João da Pesqueira,Município,Total,, euros,1146.8
2023,São Pedro do Sul,Município,Total,, euros,1029.1
2023,São Roque do Pico,Município,Total,, euros,1242.0
2023,São Vicente,Município,Total,, euros,1043.7
2023,Sardoal,Município,Total,, euros,998.9
2023,Sátão,Município,Total,, euros,1001.5
2023,Seia,Município,Total,, euros,1081.1
2023,Seixal,Município,Total,, euros,1504.9
2023,Sernancelhe,Município,Total,, euros,1023.2
2023,Serpa,Município,Total,, euros,1102.1
2023,Sertã,Município,Total,, euros,1084.0
2023,Sesimbra,Município,Total,, euros,1166.5
2023,Setúbal,Município,Total,, euros,1429.1
2023,Sever do Vouga,Município,Total,, euros,1292.3
2023,Silves,Município,Total,, euros,1215.8
2023,Sines,Município,Total,, euros,2180.8
2023,Sintra,Município,Total,, euros,1439.5
2023,Sobral de Monte Agraço,Município,Total,, euros,1156.1
2023,Soure,Município,Total,, euros,1236.0
2023,Sousel,Município,Total,, euros,1127.5
2023,Tábua,Município,Total,, euros,1159.4
2023,Tabuaço,Município,Total,, euros,1152.5
2023,Tarouca,Município,Total,, euros,1074.0
2023,Tavira,Município,Total,, euros,1125.0
2023,Terras de Bouro,Município,Total,, euros,1141.7
2023,Tomar,Município,Total,, euros,1199.7
2023,Tondela,Município,Total,, euros,1306.3
2023,Torre de Moncorvo,Município,Total,, euros,1036.1
2023,Torres Novas,Município,Total,, euros,1298.5
2023,Torres Vedras,Município,Total,, euros,1232.8
2023,Trancoso,Município,Total,, euros,1131.1
2023,Trofa,Município,Total,, euros,1342.4
2023,Vagos,Município,Total,, euros,1275.4
2023,Vale de Cambra,Município,Total,, euros,1367.5
2023,Valença,Município,Total,, euros,1158.0
2023,Valongo,Município,Total,, euros,1308.4
2023,Valpaços,Município,Total,, euros,1006.7
2023,Velas,Município,Total,, euros,1146.0
2023,Vendas Novas,Município,Total,, euros,1248.7
2023,Viana do Alentejo,Município,Total,, euros,1091.0
2023,Viana do Castelo,Município,Total,, euros,1341.1
2023,Vidigueira,Município,Total,, euros,1219.0
2023,Vieira do Minho,Município,Total,, euros,1021.5
2023,Vila da Praia da Vitória,Município,Total,, euros,1239.7
2023,Vila de Rei,Município,Total,, euros,1007.7
2023,Vila do Bispo,Município,Total,, euros,1120.4
2023,Vila do Conde,Município,Total,, euros,1363.8
2023,Vila do Porto,Município,Total,, euros,2142.2
2023,Vila Flor,Município,Total,, euros,1106.8
2023,Vila Franca de Xira,Município,Total,, euros,1475.2
2023,Vila Franca do Campo,Município,Total,, euros,1057.4
2023,Vila Nova da Barquinha,Município,Total,, euros,1117.3
2023,Vila Nova de Cerveira,Município,Total,, euros,1317.9
2023,Vila Nova de Famalicão,Município,Total,, euros,1347.6
2023,Vila Nova de Foz Côa,Município,Total,, euros,1097.8
2023,Vila Nova de Gaia,Município,Total,, euros,1392.3
2023,Vila Nova de Paiva,Município,Total,, euros,1048.4
2023,Vila Nova de Poiares,Município,Total,, euros,1178.4
2023,Vila Pouca de Aguiar,Município,Total,, euros,1061.5
2023,Vila Real,Município,Total,, euros,1308.6
2023,Vila Real de Santo António,Município,Total,, euros,1179.5
2023,Vila Velha de Ródão,Município,Total,, euros,1547.3
2023,Vila Verde,Município,Total,, euros,1096.1
2023,Vila Viçosa,Município,Total,, euros,1254.9
2023,Vimioso,Município,Total,, euros,1006.4
2023,Vinhais,Município,Total,, euros,998.2
2023,Viseu,Município,Total,, euros,1255.0
2023,Vizela,Município,Total,, euros,1104.9
2023,Vouzela,Município,Total,, euros,1127.6
